mesh_term,mesh_id
Computational Biology,D019295
Risk,D012306
DNA Copy Number Variations,D056915
Bayes Theorem,D001499
Parenting,D016487
alpha-Amylases,D000516
Environment,D004777
Environment Design,D004779
Attitude of Health Personnel,D001291
Ecosystem,D017753
"Chromosomes, Human, Y",D041322
Speech Discrimination Tests,D013063
Regression Analysis,D012044
"Games, Experimental",D005717
Apraxias,D001072
Competitive Behavior,D003163
Analysis of Variance,D000704
Beauty,D001504
Identification (Psychology),D007062
Professional-Patient Relations,D011369
Psychological Tests,D011581
Combined Modality Therapy,D003131
Risk-Taking,D012309
Sequence Analysis,D017421
Alcohol Drinking,D000428
Physical Processes,D055586
Eye Movements,D005133
Skin Pigmentation,D012880
Gamma Rhythm,D065818
Adjustment Disorders,D000275
Self-Evaluation Programs,D012655
Cochlear Implantation,D019929
Serotonin,D012701
"Psychotherapy, Group",D011615
Queensland,D011793
Parent-Child Relations,D010287
Genetic Association Studies,D056726
Health Status,D006304
Absenteeism,D000041
Interviews as Topic,D007407
Asthma,D001249
Intelligence Tests,D007361
Pitch Perception,D010898
Kinetics,D007700
Plants,D010944
Genetic Techniques,D005821
Prenatal Nutritional Physiological Phenomena,D039401
Magnetoencephalography,D015225
Nutrition Assessment,D015596
Erotica,D004882
Body Weights and Measures,D001837
Neuropharmacology,D009480
"Social Control, Informal",D012927
Tryptophan Hydroxylase,D014365
Outcome Assessment (Health Care),D017063
Speech Articulation Tests,D013062
Neurotoxins,D009498
Power (Psychology),D011209
Social Desirability,D012928
Haplorhini,D000882
Evoked Potentials,D005071
Art,D001154
Occipital Lobe,D009778
"Polymorphism, Genetic",D011110
Size Perception,D012858
Autonomic Nervous System,D001341
Homozygote,D006720
Obsessive Hoarding,D060845
Diagnostic Errors,D003951
Dependency (Psychology),D003858
Parents,D010290
Sports,D013177
International Classification of Diseases,D038801
Stereotyped Behavior,D013239
Ecology,D004463
Diagnosis,D003933
Population,D011153
Gravidity,D020073
"Child, Institutionalized",D002674
Publishing,D011643
"Psychoses, Substance-Induced",D011605
Urban Population,D014505
Patient-Centered Care,D018802
Perceptual Closure,D010466
"Pregnancy Trimester, Third",D011263
Synapses,D013569
School Health Services,D012572
Cocaine-Related Disorders,D019970
"Diapers, Infant",D041381
Neonatal Screening,D015997
Cost of Illness,D017281
Age Distribution,D017677
Disease Management,D019468
Acquired Immunodeficiency Syndrome,D000163
Retrospective Studies,D012189
Museums,D009144
Limbic System,D008032
Random Allocation,D011897
Registries,D012042
De Lange Syndrome,D003635
Language Therapy,D007808
"Receptors, Dopamine D2",D017448
Rest,D012146
"Interview, Psychological",D007406
Belgium,D001530
"Generalization, Stimulus",D005795
Hotlines,D015277
Body Patterning,D019521
Democratic Republic of the Congo,D015023
Kinesthesis,D007699
Adolescent Development,D041923
Hearing Disorders,D006311
Delay Discounting,D065786
Cognitive Science,D019336
Dehydroepiandrosterone,D003687
Point Mutation,D017354
Linkage Disequilibrium,D015810
Thailand,D013785
Maze Learning,D018782
House Calls,D006792
India,D007194
Automatic Data Processing,D001330
"Remission, Spontaneous",D012075
Computer-Assisted Instruction,D003194
Adult,D000328
Cognition Disorders,D003072
"Homosexuality, Female",D018452
Base Sequence,D001483
"Databases, Factual",D016208
Rural Population,D012424
Quality of Life,D011788
Safety,D012449
Caregivers,D017028
Prejudice,D011287
Amnesia,D000647
Biomedical Research,D035843
Neurophysiology,D009482
Oligonucleotide Array Sequence Analysis,D020411
Microsatellite Repeats,D018895
Antisocial Personality Disorder,D000987
Syncope,D013575
Gene Frequency,D005787
"Genetics, Behavioral",D005824
Happiness,D006240
Stem Cell Research,D057905
Missouri,D008923
Gestational Age,D005865
Mandatory Programs,D037141
Respiratory Function Tests,D012129
Reference Values,D012016
Observational Study as Topic,D064887
Stillbirth,D050497
Genome,D016678
Normal Distribution,D016011
Writing,D014956
European Continental Ancestry Group,D044465
"Desensitization, Psychologic",D003887
Patient Compliance,D010349
Communication Disorders,D003147
Dental Health Services,D003752
Taiwan,D013624
Artificial Intelligence,D001185
Prefrontal Cortex,D017397
Divorce,D004243
African Continental Ancestry Group,D044383
Life,D019369
Earthquakes,D055866
Residence Characteristics,D012111
Intelligence,D007360
"Receptors, G-Protein-Coupled",D043562
"Child Development Disorders, Pervasive",D002659
Comprehension,D032882
Genotyping Techniques,D060005
Student Dropouts,D013332
Motor Activity,D009043
Uterine Contraction,D014590
Visual Pathways,D014795
"Depression, Postpartum",D019052
Genetic Linkage,D008040
"Depressive Disorder, Major",D003865
Eating Disorders,D001068
Stereotyping,D013240
Language,D007802
Schizotypal Personality Disorder,D012569
Field Dependence-Independence,D005364
"Disease Models, Animal",D004195
Workload,D016526
Population Density,D011156
Genetic Phenomena,D055614
Waiting Lists,D014850
Mothers,D009035
Testosterone,D013739
Chile,D002677
"Intensive Care Units, Neonatal",D007363
"Ultrasonography, Prenatal",D016216
Christianity,D002835
Cost-Benefit Analysis,D003362
Tobacco Use,D064424
Role Playing,D012381
Persons With Hearing Impairments,D019986
Transcriptome,D059467
Ohio,D009820
"Diarrhea, Infantile",D003968
Online Systems,D009862
Namibia,D009276
Play Therapy,D010989
Sex Chromosome Disorders,D025064
Dominican Republic,D004293
Neuropsychiatry,D058027
DNA Mutational Analysis,D004252
"Asia, Southeastern",D001210
Dyslexia,D004410
Brain Infarction,D020520
Schools,D012574
Pregnant Women,D037841
Central Nervous System Stimulants,D000697
Anxiety Disorders,D001008
Questionnaires,D011795
Learning Curve,D059032
Neural Pathways,D009434
Water Supply,D014881
Personality Inventory,D010555
Wit and Humor as Topic,D014925
"Quantitative Trait, Heritable",D019655
Northern Ireland,D009660
Cameroon,D002163
Protective Factors,D065840
Peer Group,D010379
Cortical Synchronization,D003344
Face,D005145
Personal Autonomy,D026684
Northwestern United States,D015205
Fatty Acids,D005227
3-Hydroxyanthranilic Acid,D015095
"Anemia, Iron-Deficiency",D018798
Sleep Disorders,D012893
Longevity,D008136
Physical Stimulation,D010812
Gene Expression Regulation,D005786
Sensory Gating,D055139
Mass Media,D008402
Figural Aftereffect,D005366
Neuropsychology,D009484
Psychopharmacology,D011600
Rhode Island,D012237
Creativity,D003405
Violence,D014754
Neuronal Plasticity,D009473
Volunteers,D014838
Vulnerable Populations,D035862
Yawning,D015000
Students,D013334
Cell Phones,D040421
Visual Fields,D014794
Multiple Birth Offspring,D009099
Minisatellite Repeats,D018598
Tissue Donors,D014019
Dominance-Subordination,D004291
Cerebral Cortex,D002540
Animal Communication,D000819
Child Health Services,D002662
"Psychology, Adolescent",D000297
Social Skills,D066107
Comorbidity,D015897
Cohort Studies,D015331
Healthcare Disparities,D054625
Health Education,D006266
Transfer (Psychology),D014163
Biological Evolution,D005075
"Nerve Fibers, Myelinated",D009413
Health Status Disparities,D054624
Attentional Blink,D054518
Psychophysiologic Disorders,D011602
Time Perception,D013998
Sleep Apnea Syndromes,D012891
Calcifediol,D002112
Polymerase Chain Reaction,D016133
Matched-Pair Analysis,D016555
Prenatal Exposure Delayed Effects,D011297
"Diabetes Mellitus, Type 1",D003922
Lung,D008168
Color Vision,D055253
Risk Factors,D012307
Automobiles,D001336
Nerve Tissue Proteins,D009419
Neurofeedback,D058765
Maternal Age,D008423
Maternal Deprivation,D008426
Evidence-Based Practice,D055317
"Image Processing, Computer-Assisted",D007091
Awareness,D001364
Consensus,D032921
"Gene Expression Regulation, Developmental",D018507
Personhood,D028723
Perceptual Disorders,D010468
Hispanic Americans,D006630
Electrodes,D004566
Cerebral Ventricles,D002552
Corticotropin-Releasing Hormone,D003346
Florida,D005431
Social Dominance,D012930
Hypnotics and Sedatives,D006993
Object Attachment,D009769
"Anemia, Sickle Cell",D000755
Social Work,D012947
Wounds and Injuries,D014947
"Animals, Newborn",D000831
Organ Size,D009929
Peripheral Nerve Injuries,D059348
Drive,D004328
Policy Making,D011050
Cerebral Palsy,D002547
Single Parent,D015406
Developmental Biology,D015509
Child Reactive Disorders,D002667
Neuralgia,D009437
"Psychiatric Department, Hospital",D011567
Child of Impaired Parents,D016241
Mental Health Services,D008605
Public Health,D011634
"Infant, Newborn, Diseases",D007232
Austria,D001317
Electrophysiological Phenomena,D055724
"Vocalization, Animal",D014828
Quality Control,D011786
"Therapy, Computer-Assisted",D013813
Diseases in Twins,D004200
"Receptors, GABA-A",D011963
Netherlands,D009426
Nonlinear Dynamics,D017711
"Models, Statistical",D015233
Economics,D004467
Mentors,D008611
Respiratory Tract Infections,D012141
Iceland,D007055
Names,D009275
"Indians, North American",D007198
Decision Making,D003657
Affect,D000339
Neocortex,D019579
Double-Blind Method,D004311
Socioeconomic Factors,D012959
Causality,D015984
Infant Care,D007224
Empathy,D004645
New Orleans,D055820
Spatial Navigation,D065854
Touch Perception,D055698
Rats,D051381
Allostasis,D052636
Genomic Structural Variation,D056914
Phenols,D010636
Leisure Activities,D007899
Male,D008297
Binomial Distribution,D016010
Borderline Personality Disorder,D001883
Sleep,D012890
Age of Onset,D017668
Criminals,D057237
Contingent Negative Variation,D003265
Salivary alpha-Amylases,D055291
Morocco,D009018
Jaw,D007568
Death,D003643
Child Language,D002663
"Feedback, Psychological",D030141
Word Association Tests,D014936
Head,D006257
African Americans,D001741
Indonesia,D007214
Meals,D062407
Age Factors,D000367
Ischemia,D007511
Paternal Behavior,D010332
Impulse Control Disorders,D007174
New South Wales,D009517
Heart Rate,D006339
Reactive Attachment Disorder,D019962
"Memory, Long-Term",D057567
Smiling,D012904
Severity of Illness Index,D012720
Persuasive Communication,D010565
Chronic Disease,D002908
Hyperphagia,D006963
Shyness,D012792
Logistic Models,D016015
Police,D016495
Ranidae,D011898
"Indians, South American",D007199
Self-Examination,D016353
"Stress Disorders, Traumatic, Acute",D040701
Parasympathetic Nervous System,D010275
Tryptophan,D014364
Methionine,D008715
Multilevel Analysis,D055361
Monte Carlo Method,D009010
Catholicism,D002410
Signal Transduction,D015398
New England,D009511
Cerebral Hemorrhage,D002543
Pain,D010146
Government Programs,D006078
Grief,D006117
Bipolar Disorder,D001714
Social Distance,D012929
"Receptors, Corticotropin-Releasing Hormone",D018019
Critical Period (Psychology),D003423
Arabs,D018912
"Evoked Potentials, Auditory",D005072
DNA,D004247
Disease Susceptibility,D004198
Cyclonic Storms,D055867
Social Behavior,D012919
Perceptual Masking,D010470
Social Values,D012945
North Carolina,D009657
Impulsive Behavior,D007175
"Receptors, Dopamine D4",D050638
Preventive Health Services,D011314
Maps as Topic,D008377
"Journalism, Medical",D018156
Data Collection,D003625
"Habituation, Psychophysiologic",D006185
"Fixation, Ocular",D005403
Sensory Deprivation,D012683
Acute Disease,D000208
Pleasure,D057181
Child Advocacy,D002651
Sociometric Techniques,D012963
Afghan Campaign 2001-,D055826
Social Perception,D012938
Parietal Lobe,D010296
South Africa,D013019
Cataract,D002386
Hearing,D006309
Electronic Mail,D034742
Love,D008149
September 11 Terrorist Attacks,D047851
Attitude to Death,D001293
Portugal,D011174
Appetitive Behavior,D001070
Stuttering,D013342
Brain Mapping,D001931
Public Policy,D011640
Cultural Characteristics,D003466
Inflammation,D007249
Calibration,D002138
Social Responsibility,D012941
Species Specificity,D013045
Growth Charts,D057238
Fourier Analysis,D005583
Attention Deficit and Disruptive Behavior Disorders,D019958
Sucking Behavior,D013391
"Polymorphism, Single Nucleotide",D020641
Social Alienation,D012918
Homeodomain Proteins,D018398
Trust,D035502
Fibroblast Growth Factors,D005346
Dietary Supplements,D019587
Task Performance and Analysis,D013647
Language Development Disorders,D007805
Brain Waves,D058256
Islam,D007514
"Heart Defects, Congenital",D006330
Hypersensitivity,D006967
Expressed Emotion,D019260
"Infant, Extremely Premature",D062071
Social Problems,D012940
Cocos,D003059
Central Nervous System Depressants,D002492
Confidentiality,D003219
Schizophrenia,D012559
Asia,D001208
Hemodynamics,D006439
Patient Acuity,D062072
Stroke,D020521
Neurologic Examination,D009460
Jurisprudence,D007603
"Mind-Body Relations, Metaphysical",D019222
Maternal-Fetal Exchange,D008431
Kynurenine,D007737
"Ultrasonography, Doppler, Transcranial",D017585
Hippocampus,D006624
Hand Strength,D018737
Infant,D007223
Mental Processes,D008606
Birds,D001717
USSR,D014586
Argentina,D001118
Cerebellar Diseases,D002526
Employment,D004651
Tics,D020323
Shaken Baby Syndrome,D038642
Hyperkinesis,D006948
Learning Disorders,D007859
"Receptors, Oxytocin",D018045
Acculturation,D000069
Genomics,D023281
Adolescent Psychiatry,D000296
"Child, Abandoned",D002670
Antelopes,D000866
Verbal Behavior,D014705
Psychomotor Disorders,D011596
Behavioral Research,D035841
Gonadal Steroid Hormones,D012739
Sex Characteristics,D012727
Classification,D002965
Medical Records,D008499
Early Intervention (Education),D018479
Television,D013690
Equipment Design,D004867
Spatial Behavior,D013037
Intergenerational Relations,D016901
Sound,D013016
Sweden,D013548
Infant Nutrition Disorders,D007228
Cardiovascular Physiological Phenomena,D002320
Boston,D001900
Continental Population Groups,D044469
Body Height,D001827
Georgia,D005845
Blood Flow Velocity,D001783
Dissociative Disorders,D004213
Aid to Families with Dependent Children,D000385
Observation,D019370
Homeostasis,D006706
Psychotherapy,D011613
"Psychology, Social",D011593
Genetic Markers,D005819
"Transcription, Genetic",D014158
Social Identification,D012933
Area Under Curve,D019540
Conduct Disorder,D019955
Myelin Sheath,D009186
Family Therapy,D005196
Respiratory Sinus Arrhythmia,D065809
Sanitation,D012499
Pitch Discrimination,D010897
Parasystole,D017574
Marijuana Abuse,D002189
Physics,D010825
Problem Solving,D011340
Educational Measurement,D004521
Poverty Areas,D011204
Female,D005260
Attention Deficit Disorder with Hyperactivity,D001289
"Child Abuse, Sexual",D002650
Bottle Feeding,D001903
Jews,D007585
Cytokines,D016207
Ethanol,D000431
Affective Symptoms,D000342
Environmental Exposure,D004781
Marital Status,D017533
Retention (Psychology),D012153
Embryonic Development,D047108
Protein-Energy Malnutrition,D011502
Videotape Recording,D014743
Motor Skills,D009048
Autobiography as Topic,D001325
Social Adjustment,D012917
Delivery of Health Care,D003695
Adolescent Health Services,D016497
Arousal,D001143
Sierra Leone,D012807
Geography,D005843
"Child, Preschool",D002675
"Aged, 80 and over",D000369
Protestantism,D033303
Magic,D008273
Odors,D009812
Diffusion Magnetic Resonance Imaging,D038524
Brain-Derived Neurotrophic Factor,D019208
Eating,D004435
Hong Kong,D006723
"Diagnosis, Differential",D003937
Fatigue,D005221
"Respiration, Artificial",D012121
Legal Guardians,D007872
Speech Therapy,D013070
Colinus,D003088
Narration,D033262
"Extinction, Psychological",D005108
Mice,D051379
Child Behavior Disorders,D002653
Lipreading,D008085
Middle Aged,D008875
Motor Neurons,D009046
Professional Competence,D011361
Inflammation Mediators,D018836
Seizures,D012640
Linear Models,D016014
Computer Simulation,D003198
Home Care Services,D006699
Oxygen,D010100
"Infant, Premature",D007234
"Malformations of Cortical Development, Group II",D054081
Dopamine Plasma Membrane Transport Proteins,D050483
Sequence Deletion,D017384
Mood Disorders,D019964
Placebo Effect,D015990
Psychopathology,D011599
Genome-Wide Association Study,D055106
Latency Period (Psychology),D007837
Sound Spectrography,D013018
Reinforcement (Psychology),D012054
Cochlear Implants,D003054
Self Efficacy,D020377
Prognosis,D011379
Clonidine,D003000
Pan paniscus,D019974
Gait,D005684
Spouse Abuse,D013179
"Signal Detection, Psychological",D017603
Louisiana,D008145
"Suicide, Attempted",D013406
Military Personnel,D008889
"Infant, Extremely Low Birth Weight",D052577
Cross-Sectional Studies,D003430
Family Characteristics,D005191
Anisotropy,D016880
Overweight,D050177
Cats,D002415
Phobic Disorders,D010698
Nerve Net,D009415
Color Perception Tests,D003119
Biology,D001695
Computer Graphics,D003196
Genotype,D005838
"Mice, Transgenic",D008822
Outcome and Process Assessment (Health Care),D010043
Refugees,D012036
Predatory Behavior,D011235
Mathematical Concepts,D055641
Community Networks,D019058
Diagnostic Imaging,D003952
Intervention Studies,D016033
Victoria,D014739
Systems Theory,D013598
"Event-Related Potentials, P300",D018913
Implosive Therapy,D007171
Feedback,D005246
Social Support,D012944
Autopsy,D001344
"Child, Unwanted",D002676
Mental Competency,D016743
Genetics,D005823
Program Evaluation,D015397
Oxytocin,D010121
Domestic Violence,D017579
Curriculum,D003479
Serotonin Plasma Membrane Transport Proteins,D050486
Qualitative Research,D036301
Adrenergic Uptake Inhibitors,D018759
"Brain Damage, Chronic",D001925
Ego,D004532
Hearing Loss,D034381
Multilingualism,D019303
Public Assistance,D011632
Oxyhemoglobins,D010108
Drug Monitoring,D016903
Bias (Epidemiology),D015982
Program Development,D016730
Disability Evaluation,D004185
Physician's Practice Patterns,D010818
Coercion,D003068
Smell,D012903
Self-Injurious Behavior,D016728
Child,D002648
Pyramidal Tracts,D011712
Treatment Outcome,D016896
Occupations,D009790
Residential Facilities,D012112
Risk Assessment,D018570
Assertiveness,D001242
Self-Assessment,D012647
Mathematics,D008433
Moral Development,D035863
Oocyte Donation,D018587
Young Adult,D055815
Carbon Dioxide,D002245
Bereavement,D001601
"Rehabilitation, Vocational",D012050
Linguistics,D008037
Bronchopulmonary Dysplasia,D001997
Refrigeration,D012034
"Heart Rate, Fetal",D006340
Amygdala,D000679
Hydrocortisone,D006854
Token Economy,D014040
Discrimination (Psychology),D004192
Bosnia-Herzegovina,D017522
Child Rearing,D002668
Phonetics,D010700
Antidepressive Agents,D000928
"Infant, Newborn",D007231
British Columbia,D001955
Social Welfare,D012946
Crying,D003448
Heterozygote,D006579
Aging,D000375
Imprinting (Psychology),D007173
Deception,D008192
Aged,D000368
Leukoencephalopathies,D056784
Auditory Perceptual Disorders,D001308
Play and Playthings,D010988
Canada,D002170
RNA,D012313
Cardiovascular Diseases,D002318
Genetic Testing,D005820
Psychology,D011584
NAD(P)H Dehydrogenase (Quinone),D016660
Postural Balance,D004856
Racism,D063505
Paired-Associate Learning,D010153
Projection,D011385
Clothing,D003020
Research,D012106
Contrast Sensitivity,D015350
Programming Languages,D011381
Statistics as Topic,D013223
Mindfulness,D064866
Language Development,D007804
Sleep Initiation and Maintenance Disorders,D007319
Imitative Behavior,D007100
Barbados,D001460
Carrier Proteins,D002352
"Diagnosis, Computer-Assisted",D003936
Memory,D008568
Dissent and Disputes,D034462
Haplotypes,D006239
Artifacts,D016477
"Child, Gifted",D002672
DNA Replication,D004261
MicroRNAs,D035683
Discrimination Learning,D004193
Depressive Disorder,D003866
Middle East,D008877
Delphi Technique,D003697
Propensity Score,D057216
Avoidance Learning,D001362
"Receptors, Dopamine D1",D017447
"Receptors, Dopamine",D011954
"Models, Theoretical",D008962
Iron,D007501
Forkhead Transcription Factors,D051858
Fetal Blood,D005312
"Behavior, Addictive",D016739
Cross-Cultural Comparison,D003431
Hand,D006225
Fetus,D005333
Psychometrics,D011594
Smoking,D012907
Orphanages,D019372
Body Weight,D001835
Wisconsin,D014922
"Epigenesis, Genetic",D044127
Language Arts,D007803
Photic Stimulation,D010775
Down Syndrome,D004314
Choline,D002794
Norway,D009664
Rett Syndrome,D015518
Intention to Treat Analysis,D057194
Cardiovascular System,D002319
"Women, Working",D014931
New York City,D009519
Prescription Drugs,D055553
Magnetic Resonance Imaging,D008279
"Models, Organizational",D017146
Phonation,D010699
Angola,D000810
Randomized Controlled Trials as Topic,D016032
ROC Curve,D012372
Speech Disorders,D013064
Animals,D000818
Parity,D010298
Parasomnias,D020447
Midwestern United States,D015146
Life Change Events,D008016
Judaism,D007599
Perception,D010465
Motivation,D009042
Editorial Policies,D035081
Group Processes,D006126
Speech Production Measurement,D013068
Disabled Children,D019988
"Dominance, Cerebral",D004292
Transactional Analysis,D014152
Food Preferences,D005518
Emigrants and Immigrants,D054242
Heterozygote Detection,D006580
Wales,D014852
Europe,D005060
Organizational Culture,D015279
Psychotropic Drugs,D011619
Cross-Over Studies,D018592
alpha7 Nicotinic Acetylcholine Receptor,D064569
Parahippocampal Gyrus,D020534
"Insemination, Artificial, Heterologous",D007316
"Data Interpretation, Statistical",D003627
Developed Countries,D019049
Gyrus Cinguli,D006179
"Stress, Physiological",D013312
Statistical Distributions,D016008
Sibling Relations,D012801
Conditioning (Psychology),D003213
Lizards,D008116
"Infant, Low Birth Weight",D007230
Physical Examination,D010808
Kaplan-Meier Estimate,D053208
Brain Injuries,D001930
Puberty,D011627
Madagascar,D008270
Cephalometry,D002508
Fetal Monitoring,D005323
Prosopagnosia,D020238
"Statistics, Nonparametric",D018709
Inservice Training,D007318
Time,D013995
Judgment,D007600
Infant Formula,D041943
"History, 20th Century",D049673
Primates,D011323
Generalization (Psychology),D005793
Circadian Rhythm,D002940
Reversal Learning,D012193
Pakistan,D010154
Socialization,D012951
Adolescent Medicine,D000295
Semantics,D012660
Observer Variation,D015588
Australia,D001315
Social Environment,D012931
"Stress Disorders, Post-Traumatic",D013313
Nepal,D009390
Hardness,D006244
Fetal Growth Retardation,D005317
Humans,D006801
Actigraphy,D056044
Hypothalamo-Hypophyseal System,D007030
Maryland,D008396
"Muscle, Skeletal",D018482
Social Stigma,D057545
Dyscalculia,D060705
Psychosocial Deprivation,D011610
Mexico,D008800
Southeastern United States,D015144
Inheritance Patterns,D040582
Paternal Age,D010331
Finland,D005387
Nuclear Family,D009679
Epilepsy,D004827
Placebos,D010919
Anomie,D000850
Attitude to Health,D001294
Discriminant Analysis,D016002
Thalamus,D013788
Inpatients,D007297
Turkey,D014421
Corpus Callosum,D003337
Ukraine,D014455
Microarray Analysis,D046228
"Promoter Regions, Genetic",D011401
Accidents,D000059
Vocabulary,D014825
Twin Studies as Topic,D018433
"Stress, Psychological",D013315
Social Justice,D012935
Needs Assessment,D020380
Morals,D009014
Health Status Indicators,D006305
Infant Food,D007225
Electrooculography,D004585
Folic Acid,D005492
Sexual Maturation,D012741
Language Tests,D007807
Sleep Deprivation,D012892
Salivary Glands,D012469
Theory of Mind,D056345
Family Relations,D005195
Minnesota,D008910
Alcoholism,D000437
Sexology,D044347
Evaluation Studies as Topic,D005069
"Dose-Response Relationship, Drug",D004305
Speech Acoustics,D013061
Neuropsychological Tests,D009483
Food,D005502
Aspirations (Psychology),D001240
Individuality,D007206
Septum Pellucidum,D012688
Faculty,D005178
"Leukomalacia, Periventricular",D007969
"Sexual Dysfunctions, Psychological",D020018
Neurosciences,D009488
Conflict of Interest,D016265
Defense Mechanisms,D003674
Pan troglodytes,D002679
Axons,D001369
Reading,D011932
Docosahexaenoic Acids,D004281
Proportional Hazards Models,D016016
Gravitation,D006112
Pennsylvania,D010414
Endocrine System Diseases,D004700
Unsafe Sex,D047568
Income,D007182
Republic of Korea,D056910
Life Style,D008019
Syndrome,D013577
"Receptors, Adrenergic, alpha-2",D018341
Performance Anxiety,D060805
Pilot Projects,D010865
Intention,D033182
"Infant, Premature, Diseases",D007235
Outpatients,D010045
Hungary,D006814
Adolescent,D000293
Escape Reaction,D004924
United States,D014481
Multifactorial Inheritance,D020412
Developing Countries,D003906
Reward,D012201
"Pregnancy Trimester, Second",D011262
National Institute of Child Health and Human Development (U.S.),D054582
Macaca mulatta,D008253
Agnosia,D000377
Suicide,D013405
Markov Chains,D008390
Depression,D003863
Chromosome Deletion,D002872
Ventral Thalamic Nuclei,D020651
Great Britain,D006113
"Indoleamine-Pyrrole 2,3,-Dioxygenase",D050503
Dogs,D004285
Serial Learning,D012691
Nutrition Surveys,D009749
Vestibular Neuronitis,D020338
Facial Expression,D005149
Recurrence,D012008
Posture,D011187
Norepinephrine Plasma Membrane Transport Proteins,D050484
Mexican Americans,D017058
Social Networking,D060756
Learning,D007858
User-Computer Interface,D014584
Communication,D003142
Lip,D008046
Auditory Perception,D001307
Obsessive-Compulsive Disorder,D009771
Peru,D010568
Western Australia,D014904
Esthetics,D004954
Iatrogenic Disease,D007049
Space Perception,D013028
Sweating,D013546
Visual Perception,D014796
Israel,D007557
Touch,D014110
Estradiol,D004958
Monoamine Oxidase,D008995
Neuroimmunomodulation,D015213
Cultural Competency,D054521
Brain,D001921
Adolescent Behavior,D000294
Hypospadias,D007021
"Drugs, Investigational",D015507
Activities of Daily Living,D000203
Somatosensory Disorders,D020886
Probability Learning,D011337
Primary Health Care,D011320
"Nuclear Receptor Subfamily 1, Group F, Member 1",D057094
Population Surveillance,D011159
Aptitude Tests,D001077
Homicide,D006708
"Pattern Recognition, Visual",D010364
Nervous System,D009420
Noise,D009622
Choice Behavior,D002755
"Feedback, Sensory",D056228
Pyrimidines,D011743
Growth and Development,D048788
Neuroimaging,D059906
Iran,D007492
Referral and Consultation,D012017
Harm Reduction,D040261
"Receptors, Peptide",D018000
Crime Victims,D019548
Ethics,D004989
Homeless Persons,D006703
Quality-Adjusted Life Years,D019057
"Pursuit, Smooth",D011698
England,D004739
"Evoked Potentials, Visual",D005074
Biological Markers,D015415
Genetic Predisposition to Disease,D020022
Neurology,D009462
Psychiatric Status Rating Scales,D011569
Personality,D010551
Ontario,D009864
Forecasting,D005544
Multivariate Analysis,D015999
DNA Primers,D017931
Speech Intelligibility,D013065
Alleles,D000483
Congo,D003223
Cerebrovascular Circulation,D002560
Career Choice,D002321
Negotiating,D017008
Salaries and Fringe Benefits,D012456
Street Drugs,D013287
Sampling Studies,D012494
Saccades,D012438
Disorders of Excessive Somnolence,D006970
Primary Prevention,D011322
Indoles,D007211
France,D005602
Denmark,D003718
Masks,D008397
Sequence Inversion,D057345
Maternal Exposure,D018811
Bolivia,D001838
Uncertainty,D035501
Polysomnography,D017286
Life Expectancy,D008017
Principle-Based Ethics,D028662
Physical Fitness,D010809
"Adaptation, Biological",D000220
Siblings,D035781
Community Mental Health Services,D003156
Nucleus Accumbens,D009714
Marriage,D008393
Social Participation,D058992
Ethiopia,D005002
Electrocardiography,D004562
Child Abuse,D002649
DNA Methylation,D019175
"Factor Analysis, Statistical",D005163
Articulation Disorders,D001184
Tornadoes,D055869
China,D002681
"Societies, Medical",D012955
United States Dept. of Health and Human Services,D014483
Symptom Assessment,D063189
Chamomile,D020843
Altitude,D000531
Ethical Theory,D028663
Horses,D006736
Child Psychiatry,D002665
"Models, Biological",D008954
Biomechanical Phenomena,D001696
Housing,D006798
"Spectroscopy, Near-Infrared",D019265
Mouth,D009055
Health Surveys,D006306
"Animals, Wild",D000835
Developmental Disabilities,D002658
Emotions,D004644
Sound Localization,D013017
Deafness,D003638
Chicago,D002641
"Conditioning, Classical",D003214
"Memory, Short-Term",D008570
Social Facilitation,D012932
"Infectious Disease Transmission, Vertical",D018445
Plagiarism,D015714
"Chromosomes, Human, Pair 15",D002884
Recovery of Function,D020127
Sexual Behavior,D012725
Sexual Partners,D012747
HIV Infections,D015658
Methyl-CpG-Binding Protein 2,D051783
Psychomotor Performance,D011597
"Financing, Government",D005380
Loneliness,D008132
Cerebellum,D002531
Confusion,D003221
Firesetting Behavior,D005391
Positron-Emission Tomography,D049268
Gender Identity,D005783
Moral Obligations,D028681
Crime,D003415
Periodicity,D010507
Laughter,D007845
Sensory Thresholds,D012684
Hominidae,D015186
Motor Cortex,D009044
"Repression, Psychology",D012094
Motor Skills Disorders,D019957
Sri Lanka,D013188
Knowledge of Results (Psychology),D007721
Adoption,D000300
Bulimia Nervosa,D052018
"Accidents, Traffic",D000063
Confounding Factors (Epidemiology),D015986
Hemoglobins,D006454
Chronology as Topic,D002910
Pluripotent Stem Cells,D039904
Mental Recall,D011939
"Effect Modifier, Epidemiologic",D015987
Music,D009146
Psychophysics,D011601
Psychotic Disorders,D011618
Dextroamphetamine,D003913
Perinatology,D010500
Regression (Psychology),D012043
Catechol O-Methyltransferase,D002394
"Hierarchy, Social",D006608
Hypothalamus,D007031
Neuropeptides,D009479
Practice Guidelines as Topic,D017410
Chi-Square Distribution,D016009
Saliva,D012463
International Cooperation,D007391
Science,D012586
Italy,D007558
Human Rights,D006806
Psychoacoustics,D011571
Hobbies,D006686
Sense of Coherence,D060685
Blindness,D001766
Behavior Therapy,D001521
Snakes,D012911
Association Learning,D001245
"Adaptation, Physiological",D000222
Fathers,D005220
Child Care,D002654
Arachidonic Acid,D016718
Putamen,D011699
"Selection, Genetic",D012641
Lemur,D007900
Meta-Analysis as Topic,D015201
Gambling,D005715
Attitude,D001290
Sick Role,D012803
Frustration,D005639
Juvenile Delinquency,D007604
Anoxia,D000860
Internet,D020407
Secondary Prevention,D055502
"Receptor, Serotonin, 5-HT2A",D044402
gamma-Aminobutyric Acid,D005680
Texas,D013781
Frontal Lobe,D005625
Patient Education as Topic,D010353
Neurobiology,D009446
Functional Neuroimaging,D059907
Gene Duplication,D020440
"Twins, Monozygotic",D014430
American Samoa,D018948
Prodromal Symptoms,D062706
Character,D002605
Body Image,D001828
Achievement,D000124
Chromosome Aberrations,D002869
Survival Analysis,D016019
"RNA, Untranslated",D022661
Altruism,D000533
Psychiatry,D011570
Functional Laterality,D007839
Software,D012984
Oceanic Ancestry Group,D044468
Gene Dosage,D018628
Exploratory Behavior,D005106
"Receptor, Muscarinic M2",D043585
"Education, Special",D004519
Prospective Studies,D011446
Locomotion,D008124
Speech Perception,D013067
Transcription Factors,D014157
Movement,D009068
Alberta,D000416
Patient Dropouts,D010352
Respiration,D012119
Institutionalization,D007326
Time Factors,D013997
"Recombination, Genetic",D011995
Research Design,D012107
Negativism,D009341
Periodicals as Topic,D010506
Personality Assessment,D010552
"In Situ Hybridization, Fluorescence",D017404
Colorado,D003120
"Pattern Recognition, Physiological",D046709
"Models, Educational",D017145
Asphyxia Neonatorum,D001238
Cognition,D003071
Anxiety,D001007
Demography,D003710
"Child, Orphaned",D054540
"Image Interpretation, Computer-Assisted",D007090
California,D002140
"Health Knowledge, Attitudes, Practice",D007722
Bullying,D058445
Social Conformity,D012925
Cotinine,D003367
Electromyography,D004576
Ethnic Groups,D005006
Projective Techniques,D011386
Patient Admission,D010343
"Vestibule, Labyrinth",D014722
Longitudinal Studies,D008137
Heart,D006321
Speech,D013060
Surrogate Mothers,D013533
Voice,D014831
Combat Disorders,D003130
Urban Health,D014504
Rotation,D012399
Eye Movement Measurements,D053483
Mass Screening,D008403
Guanfacine,D016316
Human Development,D006803
Individuation,D007207
Glucocorticoids,D005938
Terminology as Topic,D009626
Nutrition Disorders,D009748
Emotional Intelligence,D056348
Milk Substitutes,D041941
Cooperative Behavior,D003299
Teaching,D013663
Video Recording,D014741
Leadership,D007857
Cluster Analysis,D016000
Thinking,D013850
Patient Acceptance of Health Care,D010342
"Animals, Zoo",D000836
Gorilla gorilla,D006071
"Ethics, Medical",D004992
Truth Disclosure,D014342
Premature Birth,D047928
Rehabilitation Centers,D012047
Personnel Turnover,D010563
New Jersey,D009515
Neurons,D009474
Capnography,D019296
Cleft Palate,D002972
Ownership,D010067
Geographic Information Systems,D040362
Religion,D012067
Brazil,D001938
Galvanic Skin Response,D005712
Electroencephalography,D004569
Behavior Control,D032763
Social Isolation,D012934
Group Structure,D006127
Interleukin-6,D015850
Translational Medical Research,D057170
Health Promotion,D006293
"Biofeedback, Psychology",D001676
Concept Formation,D003210
Cleft Lip,D002971
"Social Control, Formal",D012926
Obesity,D009765
Fruit,D005638
Connecticut,D003237
Psychosexual Development,D011606
Wechsler Scales,D014888
Reproducibility of Results,D015203
Remedial Teaching,D012073
Evidence-Based Medicine,D019317
Volition,D014836
Suicidal Ideation,D059020
Vocational Education,D014829
Mirror Neurons,D059167
Self Disclosure,D012650
"Chromosomes, Human, X",D041321
Case-Control Studies,D016022
Dinucleoside Phosphates,D015226
Acoustic Impedance Tests,D000158
Costs and Cost Analysis,D003365
Asian Americans,D001213
"Mice, Inbred C57BL",D008810
Social Class,D012923
"Infant, Very Low Birth Weight",D019102
Valine,D014633
Signal-To-Noise Ratio,D059629
Race Relations,D011822
Audiovisual Aids,D001296
Marsupialia,D008394
Gestures,D005868
Religion and Psychology,D012069
Afghanistan,D000346
Metaphor,D019365
Psychophysiology,D011603
Infant Nutritional Physiological Phenomena,D007227
Disease Progression,D018450
Taste,D013649
Prevalence,D015995
Philadelphia,D015143
Pongo pygmaeus,D011148
Intellectual Disability,D008607
Internationality,D038622
Remission Induction,D012074
Aggression,D000374
Family Health,D005192
25-Hydroxyvitamin D 2,D015652
Emergency Medical Services,D004632
Patient Discharge,D010351
Health Services Accessibility,D006297
Psycholinguistics,D011578
Beneficence,D026686
"Psychology, Child",D002666
Early Diagnosis,D042241
Acoustic Stimulation,D000161
Reflex,D012018
"Models, Animal",D023421
Autistic Disorder,D001321
Hostility,D006791
"Mutation, Missense",D020125
Pituitary-Adrenal System,D010913
Foster Home Care,D005581
Temperament,D013694
Asperger Syndrome,D020817
Gene Rearrangement,D015321
Time Management,D017748
"Adaptation, Psychological",D000223
Acting Out,D000184
Benzhydryl Compounds,D001559
Clinical Protocols,D002985
"Memory, Episodic",D061212
Practice (Psychology),D011214
Breast Feeding,D001942
Sex Factors,D012737
Photography,D010781
"Models, Psychological",D008960
Habits,D006184
Language Disorders,D007806
Tape Recording,D013637
Algorithms,D000465
Suburban Population,D013383
Single-Blind Method,D016037
Blinking,D001767
Child Day Care Centers,D002656
Child Behavior,D002652
Role,D012380
Acoustics,D000162
Educational Status,D004522
Pregnancy,D011247
Vibration,D014732
Alcoholic Intoxication,D000435
Lighting,D008029
Macaca,D008251
"Evoked Potentials, Auditory, Brain Stem",D016057
"Genome, Human",D015894
Mental Disorders,D001523
Walking,D016138
Epidemiologic Methods,D004812
Reality Testing,D011936
Clinical Trials as Topic,D002986
Voice Quality,D014833
Authoritarianism,D001318
Rationalization,D011908
Mental Health,D008603
Sudan,D013397
"Resilience, Psychological",D055500
Sign Language,D012813
"Homosexuality, Male",D018451
Hospitalization,D006760
Electrophysiology,D004594
Neurosecretory Systems,D009490
Pituitary Gland,D010902
Growth Disorders,D006130
Color,D003116
Gravity Sensing,D018466
Fingers,D005385
Minority Groups,D008913
"Health Records, Personal",D055991
District of Columbia,D004219
Nonverbal Communication,D009633
Head Movements,D019416
Electricity,D004560
Brain Stem,D001933
Stroop Test,D057190
Manual Communication,D008369
Burundi,D002063
Imagination,D007092
Punishment,D011678
Nervous System Diseases,D009422
"Reflex, Startle",D013216
Odds Ratio,D016017
Child Custody,D002655
Personality Development,D010553
Fear,D005239
Aptitude,D001076
Reaction Time,D011930
Feeding Behavior,D005247
Optical Illusions,D009903
Switzerland,D013557
Counseling,D003376
Snoring,D012913
Family,D005190
Arizona,D001130
Electroencephalography Phase Synchronization,D058407
Vietnam,D014744
Psychomotor Agitation,D011595
"Fatty Acids, Nonesterified",D005230
Body Size,D049628
Video Games,D018910
Friends,D033062
Social Security,D012943
Illusions,D007088
Latin America,D007843
"Receptors, Nicotinic",D011978
Cerebrum,D054022
Los Angeles,D015141
Anger,D000786
Brain Diseases,D001927
Membrane Proteins,D008565
Williams Syndrome,D018980
Cebus,D002428
Russia,D012426
"Books, Illustrated",D001878
Q-Sort,D011779
Goals,D006040
Cognitive Therapy,D015928
Facial Muscles,D005152
Single-Parent Family,D020954
Baltimore,D015142
Twins,D014427
Diffusion Tensor Imaging,D056324
Form Perception,D005556
Association,D001244
INDEL Mutation,D054643
Disaster Planning,D004189
Korea,D007723
Neural Networks (Computer),D016571
Empirical Research,D036262
Underachievement,D014477
Pregnancy Outcome,D011256
Germany,D005858
Civil Disorders,D002960
Sensation,D012677
Conflict (Psychology),D003220
Thinness,D013851
Culture,D003469
Caribbean Region,D017691
Motion Pictures as Topic,D009040
New Zealand,D009520
Prisoners,D011329
Visual Field Tests,D058609
Stereotypic Movement Disorder,D019956
Retrospective Moral Judgment,D035481
Fragile X Mental Retardation Protein,D051860
"Receptors, Cholinergic",D011950
Neural Inhibition,D009433
"Schools, Nursery",D012578
In Vitro Techniques,D066298
Malus,D027845
Kentucky,D007629
Cambodia,D002160
Health Behavior,D015438
Emigration and Immigration,D004641
Echoencephalography,D004453
Sympathetic Nervous System,D013564
Cocaine,D003042
Set (Psychology),D012718
Motion,D009038
Depth Perception,D003867
Sensation Disorders,D012678
Tobacco Smoke Pollution,D014028
Mississippi,D008922
Cerebral Infarction,D002544
Confidence Intervals,D016001
Recognition (Psychology),D021641
Inhibition (Psychology),D007266
Blood Pressure,D001794
"Twins, Dizygotic",D014429
Acclimatization,D000064
Comprehensive Health Care,D003191
"Models, Structural",D008961
Investments,D007449
"Psychotherapy, Brief",D011614
Tobacco Use Disorder,D014029
Incidence,D015994
Disclosure,D030881
Physical Phenomena,D055585
Kinesics,D007697
Corpus Striatum,D003342
Personality Disorders,D010554
Heterosexuality,D020010
Child Welfare,D002669
Hearing Tests,D006320
Alcohol-Related Disorders,D019973
Cause of Death,D002423
Vision Disorders,D014786
Child Nutrition Disorders,D015362
Drinking,D004326
"Anticipation, Psychological",D059031
Burns,D002056
Alabama,D000407
Courtship,D003380
Multigene Family,D005810
Basal Ganglia,D001479
Postpartum Period,D049590
Methylphenidate,D008774
Medication Adherence,D055118
Self Report,D057566
Social Discrimination,D063508
Sample Size,D018401
Father-Child Relations,D005219
Personal Construct Theory,D018187
"History, 21st Century",D049674
Genes,D005796
Phenylketonurias,D010661
Rural Health,D012423
Tandem Repeat Sequences,D020080
Neurotransmitter Agents,D018377
Focus Groups,D017144
Internal-External Control,D007389
Global Health,D014943
"Stress Disorders, Traumatic",D040921
Diet,D004032
White Matter,D066127
Birth Weight,D001724
Hormones,D006728
Executive Function,D056344
Distance Perception,D004215
Intuition,D019545
Genetic Variation,D014644
Shame,D012752
Tongue,D014059
Information Seeking Behavior,D057226
Rejection (Psychology),D012059
Symbolism,D013561
Wakefulness,D014851
"Behavior, Animal",D001522
Visual Cortex,D014793
Southwestern United States,D015206
Visual Acuity,D014792
Agonistic Behavior,D000378
Prader-Willi Syndrome,D011218
Triazoles,D014230
Weight Perception,D014892
Mesencephalon,D008636
Pupil,D011680
"Milk, Human",D008895
Gene Expression Profiling,D020869
Irritable Mood,D007508
Anorexia Nervosa,D000856
Feasibility Studies,D005240
Lions,D008045
Personality Tests,D010556
War,D014857
Neoplasms,D009369
Thumb,D013933
Vagus Nerve,D014630
Predictive Value of Tests,D011237
Pediatrics,D010372
Sex Distribution,D017678
Panic Disorder,D016584
Checklist,D057189
Education,D004493
Gene Expression,D015870
Prenatal Care,D011295
Poverty,D011203
Action Potentials,D000200
Self Concept,D012649
Angelman Syndrome,D017204
Kenya,D007630
Asian Continental Ancestry Group,D044466
Mother-Child Relations,D009034
Tourette Syndrome,D005879
"RNA, Messenger",D012333
Wrist,D014953
London,D008131
Attention,D001288
"Signal Processing, Computer-Assisted",D012815
Social Behavior Disorders,D012920
Propylamines,D011437
Uganda,D014454
Fantasy,D005201
Sensitivity and Specificity,D012680
"Vision, Ocular",D014785
Zambia,D015024
Endophenotypes,D058068
Community Mental Health Centers,D003155
Instinct,D007323
Exons,D005091
"Anxiety, Separation",D001010
Chickens,D002645
Netherlands Antilles,D009427
Histones,D006657
Disasters,D004190
Nuts,D009754
Probability,D011336
Body Mass Index,D015992
Orientation,D009949
Jamaica,D007563
Nervous System Physiological Phenomena,D009424
Psychoanalytic Theory,D011574
Suggestion,D013404
Perceptual Distortion,D010469
Fragile X Syndrome,D005600
Gene-Environment Interaction,D059647
Automatism,D001332
Romania,D012383
Temporal Lobe,D013702
Hyperemia,D006940
Enzyme Induction,D004790
Infant Behavior,D018730
Aneuploidy,D000782
Theta Rhythm,D013826
Verbal Learning,D014706
"Models, Neurological",D008959
Survivors,D017741
Behavioral Symptoms,D001526
Consciousness,D003243
Consensus Development Conferences as Topic,D003245
Personal Satisfaction,D010549
Behavior,D001519
National Health Programs,D009313
Health Policy,D006291
Child Development,D002657
Fetal Movement,D005324
Eligibility Determination,D004608
Only Child,D009863
Cattle,D002417
New York,D009518
Maternal Behavior,D008425
Social Change,D012922
Efficiency,D004526
Tic Disorders,D013981
Sexism,D063507
Interdisciplinary Communication,D033183
Fluid Therapy,D005440
Helping Behavior,D006379
Lead,D007854
Politics,D011057
"Epistasis, Genetic",D004843
Feeding and Eating Disorders of Childhood,D019959
Vegetables,D014675
Knowledge,D019359
Cell Death,D016923
Likelihood Functions,D016013
Auditory Threshold,D001309
Work Schedule Tolerance,D014940
Tsunamis,D057192
Neurotic Disorders,D009497
Population Groups,D044382
Berlin,D001604
Diagnostic and Statistical Manual of Mental Disorders,D039721
Human Body,D018594
Guilt,D006167
Motion Perception,D009039
"Sequence Analysis, DNA",D017422
Publication Bias,D017594
Logic,D008128
Cultural Diversity,D018864
Psychological Theory,D011582
Spain,D013030
"Hearing Loss, Sensorineural",D006319
Transients and Migrants,D014171
Birth Order,D001722
Hunger,D006815
Tool Use Behavior,D053001
Economic Development,D057217
Cues,D003463
Diagnostic Self Evaluation,D059026
Dopamine,D004298
Health Services Needs and Demand,D006301
"Recruitment, Neurophysiological",D011999
Narcissism,D009289
Anthropometry,D000886
Japan,D007564
Scotland,D012606
World Health Organization,D014944
Coitus,D003075
Videoconferencing,D049269
Belize,D001531
"Arrhythmia, Sinus",D001146
Substance-Related Disorders,D019966
Quality of Health Care,D011787
Ecuador,D004484
Somatoform Disorders,D013001
Health Services,D006296
Neuromuscular Diseases,D009468
Quebec,D011792
"Models, Genetic",D008957
Family Conflict,D054541
Color Perception,D003118
Follow-Up Studies,D005500
Robotics,D012371
Pregnancy Complications,D011248
Quantitative Trait Loci,D040641
Oregon,D009922
Interpersonal Relations,D007398
Fetal Development,D047109
Selection Bias,D015983
Phenotype,D010641
Memory Disorders,D008569
